dataset,model,overlap,run,old_auc,new_auc,old_ap,new_ap
NDC-classes,thgn,0,1,0.944294912,0.926590567,0.943252891,0.92142018
NDC-classes,thgn,0,2,0.977213777,0.971284689,0.974575997,0.964847541
NDC-classes,thgn,0,3,0.976577286,0.968368148,0.974310227,0.956728155
NDC-classes,thgn,0,4,0.974366899,0.965567085,0.96993857,0.945956543
NDC-classes,thgn,0,5,0.977461003,0.970402773,0.974217384,0.959877343
NDC-classes,thgn,0.25,1,0.974780474,0.963700565,0.972854555,0.955921381
NDC-classes,thgn,0.25,2,0.976299671,0.964255441,0.973855689,0.947849683
NDC-classes,thgn,0.25,3,0.977233108,0.96917144,0.97442137,0.957040161
NDC-classes,thgn,0.25,4,0.978551639,0.969169044,0.977004469,0.962322306
NDC-classes,thgn,0.25,5,0.975657236,0.963516003,0.97319633,0.9488788
NDC-classes,thgn,0.34,1,0.973940136,0.968236106,0.970793996,0.962671408
NDC-classes,thgn,0.34,2,0.972911351,0.969023314,0.966827865,0.960720861
NDC-classes,thgn,0.34,3,0.973249007,0.965234523,0.969832551,0.95747735
NDC-classes,thgn,0.34,4,0.978439023,0.97311048,0.975497433,0.965669119
NDC-classes,thgn,0.34,5,0.974102969,0.964776586,0.97018415,0.954346856
NDC-classes,thgn,0.5,1,0.937043682,0.93589815,0.931298796,0.920470666
NDC-classes,thgn,0.5,2,0.946010652,0.948306544,0.92579468,0.927737476
NDC-classes,thgn,0.5,3,0.957508883,0.95764619,0.944430228,0.943272232
NDC-classes,thgn,0.5,4,0.954800692,0.944908607,0.943533918,0.930477738
NDC-classes,thgn,0.5,5,0.914517574,0.944432754,0.903495102,0.924118051
NDC-classes,thgn,0.67,1,0.949407221,0.956455043,0.933768104,0.945608735
NDC-classes,thgn,0.67,2,0.919268898,0.931598775,0.903038991,0.91201148
NDC-classes,thgn,0.67,3,0.935784697,0.940745128,0.916258321,0.922161094
NDC-classes,thgn,0.67,4,0.94231237,0.938057546,0.92426462,0.917760631
NDC-classes,thgn,0.67,5,0.936679815,0.939235983,0.915126251,0.919327252
NDC-classes,thgn,0.75,1,0.939388016,0.914730068,0.925232422,0.898954095
NDC-classes,thgn,0.75,2,0.932013515,0.927696733,0.91125567,0.912870067
NDC-classes,thgn,0.75,3,0.930056957,0.905101172,0.910107651,0.887745497
NDC-classes,thgn,0.75,4,0.931158519,0.933305859,0.908167587,0.906874441
NDC-classes,thgn,0.75,5,0.936969034,0.926356545,0.921389613,0.911727048
NDC-classes,thgn,0.99,1,0.919133595,0.88297382,0.904859635,0.854999246
NDC-classes,thgn,0.99,2,0.941907002,0.893831654,0.929297893,0.875561485
NDC-classes,thgn,0.99,3,0.931938714,0.886715384,0.915137712,0.866248779
NDC-classes,thgn,0.99,4,0.93010661,0.90720159,0.913548397,0.887173142
NDC-classes,thgn,0.99,5,0.903947722,0.893303049,0.900018128,0.879643968
NDC-classes,tcen,0,1,0.995132172,0.993365188,0.99406561,0.99340962
NDC-classes,tcen,0,2,0.995140835,0.990743594,0.99450412,0.989616522
NDC-classes,tcen,0,3,0.99498916,0.990949385,0.994710785,0.990604253
NDC-classes,tcen,0,4,0.99150982,0.991535835,0.988792875,0.990783291
NDC-classes,tcen,0,5,0.995662816,0.992407919,0.995537383,0.992584608
NDC-classes,tcen,0.25,1,0.99548937,0.989617644,0.994468285,0.989021313
NDC-classes,tcen,0.25,2,0.995528758,0.992134655,0.995024786,0.991850974
NDC-classes,tcen,0.25,3,0.993391577,0.990046657,0.991915595,0.989306199
NDC-classes,tcen,0.25,4,0.995322446,0.993288157,0.995018951,0.992225557
NDC-classes,tcen,0.25,5,0.996429459,0.992761589,0.995792591,0.991481837
NDC-classes,tcen,0.34,1,0.994634466,0.992982562,0.994524696,0.99308636
NDC-classes,tcen,0.34,2,0.993294571,0.983409877,0.992929418,0.98415123
NDC-classes,tcen,0.34,3,0.990744309,0.988001954,0.989821488,0.98739789
NDC-classes,tcen,0.34,4,0.995236471,0.990228834,0.995126705,0.990836887
NDC-classes,tcen,0.34,5,0.992646239,0.986859136,0.992386708,0.98661101
NDC-classes,tcen,0.5,1,0.903925783,0.903758537,0.857298054,0.865763646
NDC-classes,tcen,0.5,2,0.899490679,0.890249666,0.847865179,0.850603126
NDC-classes,tcen,0.5,3,0.901243593,0.904444649,0.846443133,0.859925212
NDC-classes,tcen,0.5,4,0.897915543,0.888960094,0.835095284,0.823062584
NDC-classes,tcen,0.5,5,0.905800114,0.905372539,0.862944617,0.865685942
NDC-classes,tcen,0.67,1,0.884674849,0.887058209,0.830684258,0.846361375
NDC-classes,tcen,0.67,2,0.880237843,0.887621043,0.831134006,0.852288587
NDC-classes,tcen,0.67,3,0.86647256,0.869980315,0.799459706,0.814104199
NDC-classes,tcen,0.67,4,0.8794028,0.879519122,0.812714805,0.827828899
NDC-classes,tcen,0.67,5,0.872951018,0.886574373,0.812128332,0.834671896
NDC-classes,tcen,0.75,1,0.875025573,0.876254008,0.81633097,0.838376321
NDC-classes,tcen,0.75,2,0.868243164,0.870090661,0.803792082,0.814120144
NDC-classes,tcen,0.75,3,0.85981001,0.850804443,0.795599667,0.797461544
NDC-classes,tcen,0.75,4,0.871675762,0.864446713,0.804990665,0.801554898
NDC-classes,tcen,0.75,5,0.878287228,0.876554683,0.807470664,0.808432999
NDC-classes,tcen,0.99,1,0.864794061,0.837442887,0.796118489,0.790882216
NDC-classes,tcen,0.99,2,0.863262842,0.845138566,0.808780579,0.787235532
NDC-classes,tcen,0.99,3,0.859371709,0.847350686,0.785323665,0.801809958
NDC-classes,tcen,0.99,4,0.85619229,0.840699006,0.784794203,0.793145568
NDC-classes,tcen,0.99,5,0.857659263,0.837683821,0.787425609,0.768996838
congress-bills,thgn,0,1,0.991622795,0.994104032,0.988283274,0.99061401
congress-bills,thgn,0,2,0.991881122,0.994015542,0.989075824,0.990624412
congress-bills,thgn,0,3,0.991771654,0.994083248,0.988750515,0.990896302
congress-bills,thgn,0,4,0.994704518,0.995810458,0.99353826,0.994630666
congress-bills,thgn,0.25,1,0.991590358,0.993258841,0.988381075,0.989782737
congress-bills,thgn,0.25,2,0.991591296,0.993137662,0.989044659,0.989987883
congress-bills,thgn,0.25,3,0.991900269,0.993305322,0.989376572,0.990158336
congress-bills,thgn,0.25,4,0.991530849,0.993102903,0.989160875,0.990235961
congress-bills,thgn,0.34,1,0.995081947,0.996317303,0.993689491,0.995172511
congress-bills,thgn,0.34,2,0.99437398,0.99565047,0.992777836,0.994258328
congress-bills,thgn,0.34,3,0.994649915,0.995768738,0.993083407,0.994419999
congress-bills,thgn,0.34,4,0.987774711,0.990954865,0.983371749,0.987279433
congress-bills,thgn,0.5,1,0.983695114,0.989688469,0.974171011,0.982706509
congress-bills,thgn,0.5,2,0.985914432,0.989616781,0.97777782,0.982622097
congress-bills,thgn,0.5,3,0.985232465,0.989317843,0.976915568,0.982029418
congress-bills,thgn,0.5,4,0.984828739,0.989115911,0.976189574,0.981989993
congress-bills,thgn,0.67,1,0.978813987,0.984060051,0.967618439,0.974162955
congress-bills,thgn,0.67,2,0.98071434,0.984680455,0.969732366,0.975123154
congress-bills,thgn,0.67,3,0.978762155,0.983287245,0.967077857,0.972402135
congress-bills,thgn,0.67,4,0.980492689,0.984626258,0.969462008,0.974658327
congress-bills,thgn,0.75,1,0.950238651,0.960225463,0.935423425,0.945570415
congress-bills,thgn,0.75,2,0.974744883,0.979408556,0.961619392,0.96792874
congress-bills,thgn,0.75,3,0.972595736,0.97857021,0.958552244,0.965928614
congress-bills,thgn,0.75,4,0.975047337,0.979322136,0.96165004,0.966735275
congress-bills,thgn,0.99,1,0.952998854,0.9456433,0.934370982,0.924497211
congress-bills,thgn,0.99,2,0.94896147,0.940892819,0.928777336,0.917315214
congress-bills,thgn,0.99,3,0.946960806,0.939545529,0.927183792,0.917734907
congress-bills,thgn,0.99,4,0.952231598,0.945019572,0.93157759,0.921683968
congress-bills,tcen,0,1,0.981251204,0.988291181,0.967762861,0.979467807
congress-bills,tcen,0,2,0.980748072,0.988115747,0.965099245,0.977875746
congress-bills,tcen,0,3,0.979240378,0.985122497,0.964828572,0.975588193
congress-bills,tcen,0,4,0.961998897,0.972959516,0.943775287,0.959381634
congress-bills,tcen,0.25,1,0.957115513,0.961590144,0.941564996,0.952060574
congress-bills,tcen,0.25,2,0.973947008,0.980386921,0.954785636,0.964309704
congress-bills,tcen,0.25,3,0.946701097,0.960651554,0.914399324,0.933482691
congress-bills,tcen,0.25,4,0.948489333,0.960392929,0.913183136,0.931150189
congress-bills,tcen,0.34,1,0.966322576,0.973526513,0.945028082,0.954900159
congress-bills,tcen,0.34,2,0.968638198,0.970557232,0.954282041,0.96075028
congress-bills,tcen,0.34,3,0.968442155,0.974180401,0.951604393,0.959726487
congress-bills,tcen,0.34,4,0.971959592,0.978181982,0.954462456,0.963924174
congress-bills,tcen,0.5,1,0.855542271,0.888468285,0.778095277,0.832442296
congress-bills,tcen,0.5,2,0.82728851,0.884036445,0.744942429,0.810682444
congress-bills,tcen,0.5,3,0.843048936,0.891982622,0.757883678,0.815306447
congress-bills,tcen,0.5,4,0.850697326,0.899975406,0.764037783,0.826865757
congress-bills,tcen,0.67,1,0.783937743,0.82738954,0.705894051,0.753781344
congress-bills,tcen,0.67,2,0.806840311,0.858217483,0.7100403,0.762797819
congress-bills,tcen,0.67,3,0.805934372,0.853745031,0.723570802,0.773313815
congress-bills,tcen,0.67,4,0.792477609,0.841082015,0.706543217,0.758057532
congress-bills,tcen,0.75,1,0.740308058,0.76579168,0.680616777,0.710528991
congress-bills,tcen,0.75,2,0.761297339,0.800107106,0.680525694,0.721266323
congress-bills,tcen,0.75,3,0.78337775,0.829217843,0.699119622,0.743138494
congress-bills,tcen,0.75,4,0.751250449,0.786419711,0.684180649,0.727413216
congress-bills,tcen,0.99,1,0.687617475,0.665232397,0.643370286,0.634182159
congress-bills,tcen,0.99,2,0.665221386,0.652189059,0.624068833,0.618987082
congress-bills,tcen,0.99,3,0.669028717,0.659338459,0.623780856,0.621016378
congress-bills,tcen,0.99,4,0.672244366,0.659139314,0.633253547,0.631949119
tags-stack-overflow,thgn,0,1,0.997377614,0.997573087,0.997550878,0.997684828
tags-stack-overflow,thgn,0,2,0.9746775,0.99486583,0.969015023,0.994536085
tags-stack-overflow,thgn,0,3,0.99746447,0.997875663,0.997603471,0.997940377
tags-stack-overflow,thgn,0.25,1,0.994798826,0.995011977,0.995302344,0.995410299
tags-stack-overflow,thgn,0.25,2,0.993528485,0.995369726,0.994012672,0.995569517
tags-stack-overflow,thgn,0.25,3,0.993295303,0.99216985,0.993841012,0.992769847
tags-stack-overflow,thgn,0.34,1,0.988892879,0.987763041,0.989532194,0.988163139
tags-stack-overflow,thgn,0.34,2,0.989788674,0.989437504,0.990253402,0.989889493
tags-stack-overflow,thgn,0.34,3,0.963956061,0.973772507,0.961081097,0.971274878
tags-stack-overflow,thgn,0.5,1,0.961105909,0.957252921,0.962508912,0.956803701
tags-stack-overflow,thgn,0.5,2,0.967682955,0.970178665,0.969784779,0.97167734
tags-stack-overflow,thgn,0.5,3,0.96577447,0.968687658,0.967518026,0.969448505
tags-stack-overflow,thgn,0.67,1,0.937057235,0.934623457,0.940136078,0.937843698
tags-stack-overflow,thgn,0.67,2,0.938362727,0.938635041,0.940641658,0.940565366
tags-stack-overflow,thgn,0.67,3,0.932006856,0.927497259,0.931613714,0.926439047
tags-stack-overflow,thgn,0.75,1,0.918825492,0.909897309,0.922179157,0.913109196
tags-stack-overflow,thgn,0.75,2,0.920539659,0.911673184,0.92361904,0.914711925
tags-stack-overflow,thgn,0.75,3,0.928486477,0.923844185,0.932146646,0.92603671
tags-stack-overflow,thgn,0.99,1,0.917886136,0.901546157,0.922478095,0.904925656
tags-stack-overflow,thgn,0.99,2,0.921353295,0.910903316,0.924668299,0.914205061
tags-stack-overflow,thgn,0.99,3,0.904199356,0.892588763,0.907149311,0.896538953
tags-stack-overflow,tcen,0,1,0.976160005,0.980206478,0.977305551,0.98234977
tags-stack-overflow,tcen,0,2,0.973201795,0.978391384,0.975789788,0.980686342
tags-stack-overflow,tcen,0,3,0.977309153,0.980693052,0.97975835,0.982706147
tags-stack-overflow,tcen,0.25,1,0.974080376,0.975651896,0.976545454,0.978005956
tags-stack-overflow,tcen,0.25,2,0.970606353,0.970663757,0.974205285,0.974431405
tags-stack-overflow,tcen,0.25,3,0.970714989,0.976219891,0.973745723,0.978850596
tags-stack-overflow,tcen,0.34,1,0.939618528,0.948518912,0.948789631,0.955959533
tags-stack-overflow,tcen,0.34,2,0.966294038,0.969532945,0.969908986,0.972556232
tags-stack-overflow,tcen,0.34,3,0.96131194,0.967748884,0.961007977,0.968232425
tags-stack-overflow,tcen,0.5,1,0.928172189,0.935686212,0.921118177,0.932764065
tags-stack-overflow,tcen,0.5,2,0.945459844,0.953331417,0.941295475,0.950201021
tags-stack-overflow,tcen,0.5,3,0.93834143,0.94716503,0.931044376,0.942861053
tags-stack-overflow,tcen,0.67,1,0.91607891,0.922591045,0.914434114,0.92065653
tags-stack-overflow,tcen,0.67,2,0.907534073,0.914330188,0.906106735,0.9134566
tags-stack-overflow,tcen,0.67,3,0.891488056,0.897773271,0.896501439,0.903007815
tags-stack-overflow,tcen,0.75,1,0.90233056,0.905252863,0.899900603,0.903903622
tags-stack-overflow,tcen,0.75,2,0.897658592,0.896109248,0.894693091,0.89654022
tags-stack-overflow,tcen,0.75,3,0.883606847,0.876424165,0.881300366,0.877402586
tags-stack-overflow,tcen,0.99,1,0.882368498,0.877365078,0.881203581,0.881256008
tags-stack-overflow,tcen,0.99,2,0.880440273,0.876132729,0.877117137,0.875038035
tags-stack-overflow,tcen,0.99,3,0.88369324,0.880140134,0.879802574,0.880463845
